date,event,janComment,ashComment
January 1989,START,,
August 1989,Kelly Kapowski (Tiffani-Amber Thiesen) on Saved by the Bell,,
September 1989,Raven Symone (Jan's ridden an elevator with her),,
September 1990,"American Gladiators (Lori ""Ice"" Fetrick)",testing,
January 1991,Playing The Game of LIFE gay,,
May 1991,Thelma and Louise,,
September 1991,Jerry Springer + all afternoon talk shows,,test 2
November 1991,TLC condoms era,,
December 1991,Golden Girls(lesbian -> lebanese!),,
December 1991,Fried Green Tomatoes,,
April 1992,Linda Ellerbee Nick News,,
June 1992,Michelle Pfeiffer (catwoman),,
July 1992,League of Their Own (movie),,
March 1993,Stone Butch Blues,,
August 1993,k.d. land and Cindy Crawford on the cover of Rolling Stone,,
September 1993,Babeland,,
September 1993,The Real World (Beth/girlfriend shirt),,
September 1993,X-Files Gillian Anderson (not crown era),,
October 1993,Green Ranger,,
November 1993,Debbie Zelensky (Joan Cusack) in Addams Family Values,,
March 1994,Spice Girls,,
May 1994,Aerosmith Crazy music video,"Seeing sapphic represention often meant overlooking creepiness, like Liv being Steve Tyler's daughter.",
June 1994,Da Brat + All That Theme Song,,
September 1995,Showgirls,,
September 1995,Xena,,
May 1996,Gurl.com,,
June 1996,The Rosie O'Donnell Show,,
July 1996,1996 Atlanta Olympics,,
October 1996,Bound,,
October 1996,Vagina Monologues (like our Rocky Horror),,
March 1997,MTV Spring Break,,
March 1997,Buffy,,
April 1997,Ellen coming out on her sitcom with Laura Dern,,
May 1997,Pretending you were a boy on AOL when asked A/S/L,Catfishing before there was a name for it.,
June 1997,WNBA,,
July 1997,Lillith Fair,,
December 1997,"Kate Winslet, specifclaly Titantic drawing scene","I watched Titantic for the 3rd time with my grandmother, who promptly covered my eyes when Jack draws Rose. She must have known somehting I didn't.",
January 1998,Gia / Angelina Jolie,,
March 1998,Wild Things,,
June 1998,Sex and the City (Kim vs. Miranda!),,
June 1998,Mulan,,
October 1998,Matthew Shepard Murder,,
November 1998,Tegan and Sara,,
November 1998,Him Powerpuff Girls,,
December 1998,"Josh Hartnett being your default ""crush""",I don't know why Josh Harnett's awful haircut in The Faculty had a hold on me (or so many of us) so much.,
January 1999,Sisqo Thong Song,,
March 1999,Man I Feel Like a Woman / Shania Twain ,,
March 1999,Cruel Intentions (Selma Blair / Sarah Michelle Gellar),,
June 1999,The Real World (Ruthie),,
July 1999,MTV's Undressed,,
July 1999,Brandi Chastian,"This image meant so much to me that years later when I had access to news images, it was one of the first ones I downloaded.",
September 1999,Lil Kim's Boob,,
September 1999,Detective Olivia Benson,,
September 1999,But I'm a Cheerleader,,
October 1999,Boys Don't Cry (Brandon Teena),,
February 2000,"The Chicks, specifically Natalie Maines",,
February 2000,Making your Sims gay,,
April 2000,Love and Basketball,,
August 2000,Bring It On,,
August 2000,Coyote Ugly,"Piper Perabo was so easy to crush on, especially because of her role choices. But, Maria Bello was RIGHT there.",
May 2001,Vests,,
March 2002,Halle Berry Oscars dress,,
March 2002,Cadet Kelly movie,,
April 2002,AfterEllen pre TERFs,,
August 2002,All the Things She Said / t.A.T.u.,,
August 2003,Bend it Like Beckham,,
August 2003,Britney & Madonna Kiss,"Sorry X-Tina, I would have loved to been able to rewind your kiss too instead of panning to Justin Timberlake. Who needs him?!",
January 2004,Janet's Boob,,
January 2004,The L Word,,
January 2004,Saved! movie,,
April 2004,Mean Girls,,
July 2004,Cat Woman (Halle),,
February 2005,Alex/Marissa The OC,,
July 2005,Hayley Williams,"I grew up in Nashville and being a Paramore fan was such a shuge part of my adolescence. ""She's got a body like an hourglass, it's ticking like a clock"" hits different when you ignore the rest of the lyrics in Misery Business.",
November 2005,South of Nowhere,,
January 2006,Desperate Housewives - Gabrielle and Susan kiss,,
January 2006,Fun Home (book + play),,
October 2006,Oprah - Wives Living Two Lives episode,,
February 2007,Like a Boy (Ciara),,
February 2007,Shakira/Beyoncé,,
October 2007,Tila Tequila Shot at Love (Dani),,
April 2008,I Kissed A Girl,,
September 2008,Rachel Maddow,,
October 2008,Grey's Anatomy (Callie / Arizona) + Erica Hahn,,
October 2008,If I Were a Boy (Beyoncé),,
October 2008,Dearly Not Queerly / No Homo / That's so Gay (HIllary Duff),,
November 2008,Lindsay Lohan / Samantha Ronson,,
November 2008,American Apparel Legalize Gay campaign,"I wore a ""Legalize Gay"" shirt to my first NYC Pride with my now wife. ",
November 2008,Prop 8,,
February 2009,RuPaul,,
March 2009,Autostraddle,,
July 2009,Shakira She Wolf Video,,
April 2010,Lady Gaga Strap on Photoshoot ,,
December 2010,Don't Ask Don't Tell repeal (Katie Miller),,
September 2011,"Glee (Santana, Brittney)",,
June 2013,US v. Windsor (Edie Windsor),,
July 2013,Orange is the New Black,"Like most of us, I dropped off after they killed our beloved Poussey.",
October 2013,Blue is the Warmest Color,,
November 2013,Frozen,,
January 2014,Shakira + Rhianna Can't Remeber to Forget You video,,
January 2015,"Kate McKinnon (specifically as Justin Bieber, CK)",,
May 2015,Carol / Price of Salt,,
June 2015,Supreme Court Marriage,,
August 2015,Fucking Kim Davis,,
December 2015,Sarah Paulson + Holland Taylor,,
June 2016,Pulse,,
August 2016,Megan Rapinoe / Sue Bird,,
February 2017,"Kristen Stewart ""I’m, like, so gay, dude.""",,
March 2017,Zelda BOTW Great Fairies,,
January 2018,Lesbian Masterdoc /TikTok,,
April 2018,Janelle Monae (Pynk),,
April 2018,Disobedience - Rachel Weisz,,
April 2018,Killing Eve,,
May 2018,Hayley Kiyoko / Kehlani,,
January 2019,Sex Education,,
May 2019,RWRB,,
September 2019,Woxer,,
October 2020,"Lauren Jauregui x Becky G interview ""Camren""",,
December 2020,Layshia Clarendon (trans non-binary),,
March 2021,Cardi and Megan WAP scissoring,,
June 2021,Lego Pride set,,
June 2021,Queen Latifah comes out,,
January 2022,Amy Schneider Jeopardy,,
June 2022,Repeal of Roe,,
August 2022,League of Their Own (tv),,
May 2023,Queer Ultimatum,,
August 2023,Bottoms,,
August 2023,Reneé Rapp,,
September 2023,Chappell Roan (knee deep in the passenger seat),,
May 2024,Megan G6 Freestyle - strap on,,
July 2024,Ilona Maher,,
July 2024,Melissa Etheridge David Crosby sperm donor,,
September 2024,Alex Morgan and the Lesbians,,
February 2025,Kehlani KWN Worst Behavior,,
April 2025,Studyoncé,,
July 2025,Stud Budz,,
July 2025,Hunting Wives,,
August 2025,K-Pop Demon Hunters,,
December 2025,END,,